,feature_0,feature_1,feature_2,feature_3,feature_4,feature_5,feature_6,feature_7,feature_8,feature_9,class
0,2.195044,1.409444,0.570219,-0.17921,-0.876572,-1.380504,-1.253741,-1.331184,-1.168633,-0.542812,0
1,0.233328,0.847134,0.716299,0.146208,-0.310573,-0.53654,0.05857,0.873592,1.213331,0.644019,0
2,-0.174908,-0.479557,-0.118445,0.388577,0.807181,0.330447,-0.405028,-1.049962,-1.337686,-1.224914,0
3,-1.340575,-0.856648,-0.154908,0.610261,1.434722,2.244027,2.179231,1.366091,0.579373,-0.146728,0
4,-0.775788,-1.269583,-1.120474,-1.089801,-1.099185,-0.493943,0.281134,0.721446,0.294658,-0.19159,0
5,-0.480631,-0.007166,0.701267,0.980514,1.426498,0.869442,0.100483,-0.535962,-0.410546,-0.01984,0
6,0.202438,-0.32576,-0.905791,-1.328099,-1.285878,-1.313649,-1.166162,-0.558354,0.084468,0.841589,0
7,1.589717,2.306581,2.19884,1.429841,0.666746,-0.094456,-0.686103,-1.249189,-1.37174,-1.048856,0
8,-1.213249,-0.983611,-0.296778,0.383231,0.609027,0.125488,-0.30167,-0.40353,0.237662,0.812353,0
9,1.215534,1.367274,0.658387,-0.091679,-0.534124,-0.283174,0.137308,0.055645,-0.562766,-1.102998,0
10,-1.331986,-1.180626,-1.180704,-0.615902,0.062184,0.79111,1.529571,2.252941,2.2413,1.3947,0
11,0.564092,-0.184283,-0.803265,-1.274463,-1.044275,-1.175833,-1.023569,-0.36714,0.354679,0.663196,0
12,0.145338,-0.347156,-0.577476,-0.022399,0.697462,1.007648,1.453557,0.803828,0.00296,-0.605721,0
13,-0.424603,0.00992,0.343619,-0.156709,-0.768984,-1.23455,-1.353222,-1.221864,-1.191882,-0.642639,0
14,0.031158,0.802671,1.577027,2.326879,2.220107,1.474972,0.713599,-0.050911,-0.661789,-1.224181,0
15,-1.375379,-1.130246,-1.266495,-0.872555,-0.220866,0.421318,0.528068,0.041489,-0.336913,-0.271011,0
16,0.460603,1.1211,1.503677,0.831402,0.096169,-0.437042,-0.218267,0.207317,0.50482,0.001312,0
17,-0.701146,-1.219231,-1.115543,-1.305728,-1.240727,-0.69672,-0.092112,0.671909,1.43911,2.199891,0
18,2.161357,1.399385,0.637483,-0.121024,-0.696698,-1.250871,-1.258561,-1.241379,-1.146467,-0.584577,0
19,0.109497,0.529144,0.149254,-0.272362,-0.46662,0.109851,0.852033,1.560806,1.243054,0.516046,0
20,-0.227217,-0.415976,-0.07418,0.395473,0.354414,-0.267321,-0.908009,-1.25868,-1.068979,-1.35457,0
21,-1.201395,-0.644292,-0.021156,0.73926,1.498572,2.224707,2.137038,1.347514,0.58264,-0.164346,0
22,-0.773195,-1.291649,-1.204665,-1.099486,-1.13755,-0.573597,0.207184,0.684043,0.308433,-0.165651,0
23,-0.468055,-0.03034,0.676387,1.096979,1.47453,0.848955,0.110072,-0.506037,-0.403928,-0.032795,0
24,0.218166,-0.286711,-0.876014,-1.312764,-1.243044,-1.296188,-1.134651,-0.54652,0.112667,0.855189,0
25,1.598825,2.288565,2.041851,1.455126,0.861886,0.098534,-0.569945,-1.158254,-1.481372,-1.239014,0
26,-1.2912,-1.065806,-0.412304,0.309425,0.708258,0.320538,-0.087724,-0.256824,0.326956,0.992624,0
27,1.449215,0.938023,0.202256,-0.302285,-0.086151,0.307881,0.502655,-0.081808,-0.758599,-1.256497,0
28,-1.149907,-1.387004,-1.271428,-0.720421,-0.107925,0.646596,1.400326,2.122319,2.084645,1.331091,0
29,0.591149,-0.093469,-0.304593,-0.802887,-1.357109,-1.460211,-1.093125,-1.224247,-1.15125,-0.618066,0
30,0.066866,0.606664,0.516205,0.037852,-0.315023,-0.064374,0.652297,0.884015,1.337444,1.415565,0
31,0.68622,-0.101258,-0.375557,-0.047867,-0.212683,-0.820141,-1.285432,-1.336664,-1.18621,-0.670171,0
32,0.023094,0.718659,1.427275,2.141294,2.159677,1.437983,0.678793,-0.101675,-0.699913,-1.272011,0
33,-1.335598,-1.11078,-1.235064,-0.75771,-0.020312,0.521542,0.553455,0.042412,-0.348455,-0.271417,0
34,0.455664,1.030975,1.517672,0.976899,0.212404,-0.441808,-0.337283,0.047257,0.372605,-0.096215,0
35,-0.738023,-1.243785,-1.21806,-1.281308,-1.225164,-0.653538,-0.043048,0.718094,1.479741,2.225995,0
36,2.111037,1.39201,0.666242,-0.037221,-0.641677,-1.18507,-1.488028,-1.369629,-1.084439,-1.195299,0
37,-0.969448,-0.369275,0.294955,0.706884,0.315208,-0.115823,-0.298209,0.307331,0.860299,1.380778,0
38,1.384699,0.653462,-0.126872,-0.390357,-0.092968,0.179603,-0.310329,-0.925268,-1.196827,-1.057555,0
39,-1.156722,-0.635741,0.023023,0.735877,1.463001,2.17235,2.139412,1.382804,0.617987,-0.144348,0
40,-0.746654,-1.295105,-1.368139,-1.123959,-1.241676,-0.806805,-0.104513,0.526366,0.524757,0.038927,0
41,-0.316091,-0.162064,0.576595,1.193304,1.464031,0.778749,0.029768,-0.419671,-0.168047,0.258832,0
42,0.408985,-0.167628,-0.826195,-1.263651,-1.105384,-1.353493,-1.189984,-0.630799,-0.000623,0.757831,0
43,1.511468,2.225011,2.1483,1.358164,0.596068,-0.163383,-0.76086,-1.286132,-1.227631,-1.148433,0
44,-1.143783,-0.525193,0.255992,0.697796,0.284799,-0.169143,-0.412478,0.114409,0.808307,1.358354,0
45,1.244625,0.481538,-0.273787,-0.402452,-0.063329,0.382061,0.26566,-0.354613,-0.952623,-1.356233,0
46,-1.166286,-1.36889,-1.198966,-0.607249,0.014187,0.778383,1.538444,2.254378,2.24598,1.525915,0
47,0.76976,0.010837,-0.59607,-1.183256,-1.482122,-1.22693,-1.308715,-1.186693,-0.69288,-0.065968,0
48,0.511155,0.455303,-0.017025,-0.358722,-0.205703,0.576149,1.150545,1.46599,0.785175,0.044757,0
49,-0.41444,-0.157373,0.294719,0.396329,-0.222436,-0.901953,-1.186335,-1.080534,-1.228415,-0.732219,0
50,-0.149505,0.607034,1.384153,2.17349,2.168752,1.401734,0.655718,-0.110693,-0.723719,-1.276077,0
51,-1.364031,-1.109504,-1.26563,-0.865584,-0.177772,0.440211,0.540885,0.045497,-0.339242,-0.310898,0
52,0.409858,1.003803,1.536754,0.989356,0.228417,-0.421375,-0.34122,0.046317,0.402864,-0.034976,0
53,-0.707797,-1.212837,-1.091211,-1.277099,-1.179133,-0.621971,0.004012,0.766389,1.52915,2.261053,0
54,2.261004,1.236161,0.444767,0.004979,-0.954177,-1.60527,-1.385894,-1.369512,-0.742766,-0.302183,0
55,0.278562,0.754121,0.662379,0.526847,-0.122747,-0.783346,-0.775832,-0.016744,0.707934,1.142981,0
56,0.137702,-0.760417,-0.52095,0.262232,0.560218,0.833674,0.325395,-0.254644,-0.921952,-1.330511,0
57,-1.500178,-0.944484,0.013302,0.508735,1.309058,2.321554,2.119412,1.09366,0.424947,-0.022488,0
58,-0.584187,-1.010086,-1.505322,-1.185753,-1.126102,-0.52925,0.060768,0.523572,0.629323,0.223573,0
59,-0.536813,-0.610464,0.137909,0.991141,1.844201,1.152481,0.141408,-0.754421,-0.465479,0.04143,0
60,0.267093,0.261832,-0.206589,-0.71717,-1.25719,-1.320667,-1.486237,-0.836058,0.016511,0.583992,0
61,1.341326,2.299695,2.196429,1.231547,0.530742,0.00088,-0.652947,-1.382923,-1.525176,-1.275133,0
62,-1.012446,-0.480863,0.096402,0.555085,0.815055,0.422853,-0.188801,-0.667623,-0.187375,0.523664,0
63,1.429505,1.206166,0.229042,-0.628992,-0.499771,0.087118,0.494199,0.259515,-0.224928,-0.736876,0
64,-1.283473,-1.354068,-1.460679,-0.754694,0.005651,0.593714,1.354837,2.284364,2.196505,1.264468,0
65,0.556547,0.069939,-0.654555,-1.386109,-1.449803,-1.28027,-0.970091,-0.473364,0.109484,0.531725,0
66,0.584601,0.230581,-0.459499,-0.797922,-0.179855,0.512344,1.515506,1.380345,0.378869,-0.522389,0
67,-0.70386,-0.068508,0.395844,0.352707,-0.103418,-0.645654,-1.17937,-1.257448,-1.421039,-0.778541,0
68,0.041036,0.572204,1.347787,2.291203,2.118521,1.102436,0.442739,-0.019803,-0.735578,-1.445135,0
69,-1.54326,-1.235697,-1.018055,-0.437058,0.176311,0.639987,0.798431,0.40849,-0.300137,-0.568626,0
70,0.118723,0.774394,1.5273,0.782876,-0.14207,-0.624899,-0.063925,0.406464,0.567638,0.119414,0
71,-0.428829,-0.895734,-1.345104,-1.470842,-1.434346,-0.625644,0.058344,0.631042,1.3693,2.292336,0
72,2.263059,1.274354,0.471321,0.06413,-0.648697,-1.432886,-1.529516,-1.184372,-1.144901,-0.556805,0
73,-0.087912,0.419859,0.820383,0.498308,0.041715,-0.609433,-0.550319,0.150554,0.896395,1.570492,0
74,0.72558,-0.28586,-0.799161,-0.276634,0.117653,0.323553,0.057832,-0.344119,-0.99022,-1.359152,0
75,-1.391651,-0.858376,0.012311,0.595059,1.397832,2.349623,2.261107,1.303433,0.570722,-0.198357,1
76,-0.941473,-1.41629,-1.111112,-1.202535,-0.644927,-0.275703,0.255278,0.688641,0.439262,0.04215,1
77,-0.670659,-0.880797,-0.163776,0.513419,1.501043,1.287441,0.273446,-0.688662,-0.814948,-0.336562,1
78,0.040406,0.366288,-0.034849,-0.520102,-1.05206,-1.266179,-1.331406,-0.730085,0.132226,0.696533,1
79,1.50254,2.406549,2.19507,1.222346,0.556127,-0.065795,-0.905552,-1.452676,-1.183227,-1.191689,1
80,-0.615424,-0.147501,0.360707,0.751923,0.44816,-0.124254,-0.747314,-0.558565,0.109637,0.868199,1
81,1.641817,1.065912,0.074587,-0.798471,-0.624333,-0.024523,0.364563,0.113949,-0.362789,-0.828916,1
82,-1.330006,-1.342381,-1.372211,-0.623321,0.123229,0.667983,1.40669,2.328049,2.145416,1.224614,1
83,0.526052,0.084401,-0.568141,-1.306824,-1.51811,-1.219159,-1.082545,-0.533287,0.054346,0.50428,1
84,0.612703,0.230672,-0.433205,-0.797551,-0.189854,0.465683,1.445231,1.669444,0.712124,-0.222237,1
85,-0.811192,-0.326348,0.202626,0.332005,-0.085929,-0.659454,-1.170242,-1.253812,-1.395627,-0.771011,1
86,0.021789,0.56674,1.316664,2.229738,2.323882,1.387954,0.619246,0.073879,-0.617359,-1.358085,1
87,-1.41123,-1.2187,-0.959077,-0.458238,0.102611,0.522258,0.459836,0.03622,-0.648459,-0.682445,1
88,0.085316,0.977573,1.77347,1.037901,0.077404,-0.74817,-0.653512,-0.110355,0.092075,0.36079,1
89,-0.0104,-0.572767,-1.102795,-1.22757,-1.411432,-0.794523,0.021513,0.544137,1.265682,2.22337,1
90,2.31761,1.508152,0.742133,0.10597,-0.350583,-1.163233,-1.50772,-1.17389,-1.196022,-0.624422,1
91,-0.183768,0.318979,0.712777,0.394712,-0.188546,-0.722156,-0.500029,0.164601,0.985382,1.717263,1
92,1.027187,0.07839,-0.747758,-0.62528,-0.068973,0.29108,-0.008672,-0.507151,-0.94856,-1.247844,1
93,-1.349783,-1.010326,-0.145133,0.480553,1.256767,2.168292,2.191192,1.261266,0.561331,0.020826,1
94,-0.761401,-1.363672,-1.314874,-1.271156,-0.830739,-0.380807,0.167515,0.581906,0.507522,0.100572,1
95,-0.589092,-0.783286,-0.081498,0.631808,1.586378,1.357796,0.365827,-0.575012,-0.802391,-0.185869,1
96,0.266362,0.270811,-0.139065,-0.672173,-1.183111,-1.250359,-1.386542,-0.737813,0.068589,0.641067,1
97,1.404707,2.323388,2.259783,1.292851,0.520215,0.013926,-0.827183,-1.406739,-1.260541,-1.049853,1
98,-0.467726,0.067373,0.467306,0.189178,-0.253969,-0.773272,-0.234291,0.753466,1.609453,1.043602,1
99,0.216444,-0.455506,-0.692737,-0.130816,0.427723,0.733594,0.35883,-0.166226,-0.579108,-1.158102,1
100,-1.259953,-1.4972,-1.389003,-0.649134,0.065447,0.577944,1.351423,2.3028,2.198819,1.235226,1
101,0.49506,0.044571,-0.680519,-1.43785,-1.41825,-1.271948,-0.955862,-0.451687,0.135828,0.582289,1
102,0.754975,0.177181,-0.522731,-0.781075,-0.126058,0.620585,1.608713,1.259461,0.281504,-0.62918,1
103,-0.699006,-0.073122,0.353146,0.300733,-0.156961,-0.697552,-1.229171,-1.281091,-1.35495,-0.594209,1
104,0.113194,0.581759,1.3394,2.278778,2.412048,1.566948,0.789158,0.092232,-0.260384,-0.935662,1
105,-1.388767,-1.447164,-1.09514,-0.462734,0.280144,0.666558,0.477479,-0.048619,-0.221433,0.498073,1
106,0.287306,-0.435097,-0.390593,-0.369821,0.374314,0.465936,0.017707,0.225987,0.158975,-0.408668,1
107,-0.980999,-1.382612,-1.496103,-1.266932,-0.819914,-0.219019,0.165952,0.928834,1.729609,2.492402,1
108,2.350742,1.528738,0.70887,0.031119,-0.306599,-0.957251,-1.417139,-1.529947,-1.257089,-0.70089,1
109,-0.003888,0.64362,0.745456,0.351325,-0.173384,0.127133,0.557987,-0.164359,-0.304357,-0.397308,1
110,0.197583,0.575656,0.139636,0.335793,0.26235,-0.317919,-0.932265,-1.380185,-1.511418,-1.268096,1
111,-0.835162,-0.225008,0.130356,0.907821,1.693727,2.394353,2.417361,1.58929,0.765372,0.08842,1
112,-0.329902,-0.973109,-1.411678,-1.49028,-1.198179,-0.634356,0.073142,0.659708,0.650945,0.221919,1
113,-0.263908,0.192013,0.511508,-0.266383,-0.36731,-0.457852,0.179918,0.529545,0.03579,0.273889,1
114,0.254824,-0.283818,-0.899122,-1.338101,-1.476709,-1.249209,-0.785189,-0.17442,0.115828,0.873401,1
115,1.6881,2.478552,2.336016,1.523326,0.707192,-0.05663,-0.339597,-0.96656,-1.435521,-1.58715,1
116,-1.338691,-0.814038,-0.12504,0.575736,0.801737,0.499234,-0.049009,0.166362,0.447604,-0.24612,1
117,-0.152557,-0.199349,0.515786,0.233969,0.405191,0.533628,0.33928,-0.338474,-0.974163,-1.416641,1
118,-1.508864,-1.232622,-0.735765,-0.242951,-0.046503,0.76604,1.577972,2.37717,2.322766,1.532689,1
119,0.733182,-0.057265,-0.335683,-0.930459,-1.400506,-1.59368,-1.391805,-0.914356,-0.26715,0.441168,1
120,0.810626,0.64127,0.112221,0.007179,0.458355,-0.167276,-0.100817,-0.195251,0.491834,0.292341,1
121,0.431225,0.567656,0.389003,-0.284413,-0.934239,-1.39755,-1.525415,-1.270162,-0.758331,-0.277983,1
122,-0.057885,0.741888,1.544643,2.34218,2.328101,1.522754,0.714706,-0.076166,-0.344725,-0.944169,1
123,-1.416396,-1.584412,-1.352807,-0.833513,-0.15892,0.53815,0.774461,0.479124,-0.042723,0.268645,1
124,0.349841,-0.257798,-0.147462,-0.080296,0.524989,0.155312,0.521882,0.636048,0.344368,-0.35467,1
125,-0.989519,-1.423198,-1.520184,-1.254827,-0.73545,-0.277627,-0.045341,0.758605,1.564745,2.358474,1
126,2.200686,1.493686,0.782719,0.07265,-0.353562,-0.915268,-1.376054,-1.607183,-1.489237,-1.078396,1
127,-0.507101,0.133609,0.725729,0.88688,0.561503,0.097852,0.117546,0.573094,0.138047,0.02563,1
128,0.158006,0.673625,0.437711,0.366527,0.070079,-0.537482,-1.069716,-1.432331,-1.466522,-1.229148,1
129,-0.779913,-0.297715,0.09875,0.802901,1.5087,2.213699,2.327568,1.513928,0.697261,-0.088165,1
130,-0.352733,-0.967006,-1.44718,-1.611275,-1.382225,-0.849137,-0.168356,0.520041,0.699988,0.573658,1
131,0.04397,0.061362,0.468545,-0.205835,-0.15093,-0.20649,0.480721,0.206256,0.419543,0.657572,1
132,0.410573,-0.282141,-0.924624,-1.368795,-1.500296,-1.252102,-0.745772,-0.255756,-0.043089,0.766772,1
133,1.579556,2.374594,2.398218,1.559017,0.735892,0.038495,-0.287495,-0.956034,-1.414288,-1.475441,1
134,-1.132135,-0.511611,0.2231,0.706097,0.590261,0.07641,-0.259694,0.349308,0.417837,-0.327847,1
135,-0.336939,-0.394222,0.333625,0.478169,0.058065,0.265493,0.168363,-0.417615,-0.994336,-1.393822,1
136,-1.493872,-1.254116,-0.802711,-0.205731,0.15252,0.920786,1.710024,2.476229,2.220706,1.18884,1
137,0.200449,-0.435454,-1.252894,-1.418226,-0.606649,0.354691,1.248666,0.853648,-0.151183,-1.136933,1
138,-1.921951,-1.080929,-0.107595,0.407246,0.382569,-0.131644,0.153406,-0.222792,-0.038279,0.456714,1
139,0.400095,-0.705704,-1.506999,-0.793528,0.203587,1.124335,0.760483,-0.241499,-1.038499,-0.848775,1
140,-0.20031,0.305864,1.298397,2.280147,2.209746,1.152725,0.144207,-0.379336,-1.161565,-1.261916,1
141,-0.428445,0.539029,1.40292,0.911492,-0.109468,-1.113108,-1.796692,-0.729441,0.410639,0.064083,1
142,0.142746,-0.079484,-0.306209,-0.148126,0.330993,0.325696,0.028063,-1.154263,-1.598227,-0.663931,1
143,0.358573,1.215544,0.671368,-0.374766,-1.175032,-0.944031,-0.268072,0.254113,1.264621,2.265552,1
144,2.154753,1.069535,0.121918,-0.56634,-1.318101,-0.974654,-0.096787,0.860803,1.396793,0.54283,1
145,-0.500809,-1.520213,-1.7255,-0.430086,0.409695,-0.127393,-0.024703,-0.029888,-0.367506,-0.248751,1
146,0.385829,0.253775,0.111724,-0.99827,-1.640585,-0.782075,0.277925,1.224557,0.786746,-0.332009,1
147,-1.101499,-0.773391,-0.106979,0.439212,1.330462,2.298985,2.178968,1.179836,0.205932,-0.41436,1
148,-1.200897,-1.415184,-0.642983,0.301886,1.227818,1.169239,0.189788,-0.777168,-1.701655,-1.483594,1
149,-0.236865,0.579729,0.087465,0.012258,-0.001297,-0.165362,0.27709,0.515526,0.164086,-0.992252,1
150,-1.505729,-0.656022,0.315772,1.105985,0.542712,-0.430883,-1.139171,-0.867191,-0.209383,0.290653,2
151,1.266374,2.228877,2.200985,1.168676,0.156591,-0.42854,-1.182796,-1.35778,-0.51678,0.4849,2
152,1.392416,0.939305,-0.081847,-1.077687,-1.767527,-0.798861,0.392003,0.29897,-0.053195,0.078054,2
153,-0.239458,-0.093247,0.274678,0.481081,-0.207761,-1.339203,-1.430011,-0.439405,0.573021,1.270185,2
154,0.510247,-0.496079,-1.216053,-0.890272,-0.243768,0.191857,1.21529,2.232011,2.065071,1.001204,2
155,0.042541,-0.564706,-1.332604,-1.077286,-0.232171,0.692105,1.42756,0.800423,-0.208862,-1.197307,2
156,-1.831894,-0.851488,0.333359,0.330511,-0.081644,-0.060455,-0.273617,-0.022995,0.288303,0.495314,2
157,-0.381301,-1.404814,-1.375181,-0.358429,0.678055,1.380988,0.673314,-0.453526,-1.184585,-0.859497,2
158,-0.248177,0.286785,1.284363,2.220643,2.153943,1.083139,0.113361,-0.554147,-1.316356,-0.992756,2
159,-0.140873,0.788224,1.450617,0.760882,-0.26768,-1.27766,-1.872506,-0.806048,0.320227,0.074476,2
160,-0.053703,0.00474,-0.336114,-0.276751,0.33773,0.255683,0.150775,-0.921285,-1.626524,-0.826248,2
161,0.219174,1.184607,0.858262,-0.2576,-1.087236,-0.849586,-0.195604,0.309934,1.318691,2.274214,2
162,2.192679,1.148059,0.172937,-0.443896,-1.229788,-1.257488,-0.403743,0.563792,1.399753,0.878412,2
163,-0.138106,-1.135438,-1.87224,-0.909869,0.32985,0.132576,-0.169949,0.253275,-0.310573,-0.295494,2
164,0.389716,0.246173,0.192489,-0.955551,-1.606992,-0.7655,0.246463,1.162092,0.742502,-0.27712,2
165,-1.077661,-0.867282,-0.203657,0.29194,1.2956,2.282037,2.157478,1.138522,0.579374,-0.229243,2
166,-0.881234,-1.460032,-0.967361,0.014448,1.050356,1.287869,0.298199,-0.727404,-1.682492,-1.248435,2
167,0.085503,0.464684,-0.106927,0.243546,-0.242961,-0.247208,0.322599,0.323391,0.174358,-1.080512,2
168,-1.56734,-0.640793,0.38521,1.258559,0.755275,-0.290551,-1.179086,-1.062601,-0.38532,0.117922,2
169,1.154873,2.187336,2.309077,1.302527,0.228481,-0.377946,-1.075306,-1.369771,-0.591535,0.462822,2
170,1.3764,1.104472,-0.057391,-1.221309,-1.7143,-0.827485,0.125135,0.38754,-0.191914,0.15406,2
171,-0.326381,-0.321642,0.260702,0.234473,0.168479,-0.815049,-1.608923,-0.870904,0.225452,1.177017,2
172,0.764254,-0.121893,-0.938107,-1.030629,-0.34,0.145362,1.154405,2.219827,2.222456,1.151949,2
173,0.154916,-0.414704,-1.198468,-1.206819,-0.314203,0.688604,1.425407,0.699411,-0.340166,-1.3619,2
174,-1.731636,-0.444226,0.390983,-0.165893,0.179014,-0.106702,-0.336082,-0.125026,0.33086,0.261891,2
175,0.013963,-1.217217,-1.571275,-0.588882,0.453423,1.288385,0.657302,-0.382318,-1.143503,-0.849229,2
176,-0.160405,0.217876,1.253997,2.268216,2.213461,1.167715,0.191694,-0.406422,-1.1809,-1.062226,2
177,-0.186304,0.797441,1.37486,0.55903,-0.483102,-1.507177,-1.705658,-0.330459,0.292794,-0.291398,2
178,0.014377,-0.374657,-0.271141,0.483758,0.499767,0.031228,0.242031,-0.830776,-1.737946,-1.014862,2
179,0.029896,1.052172,0.948748,-0.081548,-0.989146,-0.95819,-0.270244,0.264631,1.249231,2.269319,2
180,2.081098,1.029215,0.065399,-0.507233,-1.298803,-1.26745,-0.428037,0.502479,1.364337,1.019542,2
181,0.020655,-0.961344,-1.801635,-1.122885,0.214267,0.520771,-0.04188,0.076825,-0.190281,-0.045665,2
182,0.436709,0.565518,-0.408229,-1.449509,-1.268432,-0.275219,0.742176,1.304782,0.430241,-0.624268,2
183,-1.229126,-0.848108,-0.233165,0.225184,1.218874,2.183195,2.137908,1.101649,0.12985,-0.450701,2
184,-1.212627,-1.269231,-0.411227,0.570939,1.430114,0.965832,-0.049355,-1.048982,-1.860068,-1.04244,2
185,0.231307,0.272242,0.080899,0.081366,-0.281473,-0.205907,0.399519,0.320911,0.032986,-1.184043,2
186,-1.528629,-0.585641,0.430341,1.234016,0.63732,-0.370793,-1.146891,-0.919794,-0.248802,0.274122,2
187,1.285168,2.200116,2.156602,1.114821,0.140134,-0.47796,-1.264442,-1.320592,-0.470785,0.498875,2
188,1.424373,1.105354,0.093017,-0.907496,-1.812553,-1.235115,0.082156,0.265467,-0.163511,0.278222,2
189,-0.358149,-0.305931,0.38851,0.21116,0.282494,-0.830642,-1.588818,-0.80682,0.202012,1.138037,2
190,0.821567,-0.195317,-1.039917,-0.896942,-0.242683,0.248711,1.240887,2.225275,2.15772,1.119674,2
191,0.109421,-0.455395,-1.221032,-1.355558,-0.506605,0.498345,1.398449,0.896728,-0.123989,-1.121463,2
192,-1.779822,-0.752444,0.449132,0.247924,-0.087374,0.119661,-0.237305,-0.10741,0.305103,0.490788,2
193,-0.236732,-1.438461,-1.307405,-0.310427,0.706451,1.267602,0.404494,-0.602852,-1.237117,-0.838689,2
194,-0.241124,0.289805,1.289823,2.210084,0.623288,-0.141683,-0.90066,-1.715419,-1.462481,-0.542521,2
195,0.006586,0.12225,-0.187617,-0.580152,-0.743845,-0.4311,0.332748,1.024938,1.66942,2.432841,2
196,2.100823,1.26681,0.599444,-0.227415,-0.707826,-0.647176,-0.303392,-0.042137,-0.10836,-0.536547,2
197,-1.318137,-1.781557,-1.248569,-0.493302,0.219553,0.731177,0.609722,0.978299,0.602677,0.79932,2
198,1.122372,0.580125,0.738534,0.225717,-0.594684,-1.375603,-1.609009,-0.88363,-0.187494,0.010917,2
199,-0.169586,-0.679619,-1.025786,-0.760762,-0.035094,0.646812,1.159826,1.936253,2.437645,1.75507,2
200,0.993765,0.513788,-0.230285,-0.856944,-0.813595,-0.375805,-0.130533,-0.296074,-0.950316,-1.601763,2
201,-1.311565,-0.614012,0.062386,0.616066,0.563413,1.139471,1.122325,0.624544,0.693923,0.460044,2
202,-0.258363,-0.982358,-1.671615,-1.472903,-0.734994,-0.126524,0.016636,-0.243664,-0.738699,-0.963007,2
203,-0.542149,0.206276,0.854401,1.473616,2.286762,2.185754,1.425962,0.825927,0.196722,-0.521089,2
204,-0.858873,-0.625163,-0.2364,-0.142809,-0.547367,-1.316369,-1.583362,-0.900926,-0.088896,0.584506,2
205,0.539248,1.058882,0.946439,0.677761,0.826074,0.214866,-0.489016,-1.228289,-1.755823,-1.236907,2
206,-0.480412,-0.035414,0.048511,-0.378521,-0.836386,-0.937228,-0.365129,0.405982,0.992808,1.706481,2
207,2.436311,1.966675,1.190572,0.667869,-0.051146,-0.73733,-0.829806,-0.492915,-0.105865,-0.082859,2
208,-0.562762,-1.368271,-1.563605,-0.839827,-0.045693,0.696726,0.66045,0.985678,0.865196,0.623894,2
209,0.853692,0.235458,-0.568425,-1.306686,-1.771685,-1.151393,-0.395391,0.004761,0.083958,-0.294697,2
210,-0.764962,-0.770577,-0.121224,0.604804,1.158575,1.904442,2.41024,1.768221,1.056975,0.506009,2
211,-0.21356,-0.753211,-0.661841,-0.265367,-0.088412,-0.280561,-0.962882,-1.545615,-1.545827,-0.887562,2
212,-0.048529,0.720021,0.632992,0.96917,1.073223,0.602591,0.802598,0.327662,-0.449875,-1.200351,2
213,-1.766439,-1.280304,-0.516247,-0.060622,0.059501,-0.303454,-0.788665,-0.8825,-0.27983,0.45345,2
214,1.017684,1.716685,2.401747,1.929409,1.169954,0.662666,-0.053229,-0.715013,-0.792331,-0.429962,2
215,-0.107134,-0.203832,-0.728665,-1.496115,-1.53342,-0.836958,-0.055178,0.646196,0.589908,1.026851,2
216,0.92363,0.614939,0.837307,0.223339,-0.600989,-1.35552,-1.838678,-1.228806,-0.446403,-0.009591,2
217,0.069792,-0.270554,-0.693067,-0.705398,-0.08553,0.645413,1.204814,1.908195,2.357526,1.671062,2
218,1.039374,0.414084,-0.306385,-0.743027,-0.577225,-0.149101,-0.009829,-0.233708,-0.941801,-1.687482,2
219,-1.525745,-0.813361,0.018983,0.753479,0.606627,0.933635,0.847364,0.644906,0.769253,0.039717,2
220,-0.71987,-1.545597,-1.580637,-0.672211,-0.050498,0.060812,-0.226684,-0.651054,-0.857275,-0.516468,2
221,0.250198,0.89557,1.531579,2.315923,2.211178,1.320599,0.768036,-0.005385,-0.716372,-0.800788,2
222,-0.500689,-0.048815,-0.010038,-0.446583,-1.217251,-1.764932,-1.272611,-0.545134,0.168995,0.786517,2
223,0.590957,0.947288,1.069403,0.625941,0.819135,0.290537,-0.434909,-1.168235,-1.726131,-1.246513,2
224,-0.488172,-0.019538,0.028492,-0.422325,-0.858786,-0.908306,-0.264086,0.489424,1.003582,1.755862,2
225,2.424895,1.91194,1.141943,0.634634,-0.073839,-0.757082,-0.871246,-0.510236,-0.110458,-0.113893,3
226,-0.558456,-1.343877,-1.607444,-0.913322,-0.090716,0.677477,0.616632,0.997673,1.109238,0.638472,3
227,0.692205,0.600381,-0.121372,-0.836118,-1.56436,-1.687393,-0.953942,-0.244397,0.023331,-0.092357,3
228,-0.575676,-0.869397,-0.702019,0.03063,0.778924,1.321249,2.154189,2.291111,1.535406,0.899408,3
229,0.25399,-0.473447,-0.806334,-0.629816,-0.24946,-0.098493,-0.384326,-1.159814,-1.664796,-1.068361,3
230,-0.271543,0.547635,0.591751,0.985501,0.869468,0.590305,0.8208,0.194471,-0.634841,-1.385348,3
231,-1.850163,-1.225965,-0.440579,-0.017221,0.07584,-0.260938,-0.677559,-0.661414,-0.029179,0.708161,3
232,1.26177,2.002006,2.321095,1.582257,0.981478,0.333463,-0.385523,-0.719884,-0.487644,-0.073624,3
233,0.011197,-0.301466,-1.040927,-1.746303,-1.480309,-0.744045,0.127021,0.786714,0.553517,0.94337,3
234,0.686193,-0.080594,-0.832433,-1.636637,-1.540788,-0.720688,-0.049819,0.076072,-0.163371,-0.617385,3
235,-0.89576,-0.724523,0.000381,0.73494,1.306832,2.087008,2.426632,1.608527,0.938773,0.272581,3
236,-0.48616,-0.807045,-0.615752,-0.186114,-0.024322,-0.338375,-1.067255,-1.664847,-1.271419,-0.541681,3
237,0.179747,0.772478,0.660873,1.039788,0.635959,0.838184,1.118252,0.614253,0.710248,0.487767,3
238,-0.346971,-1.118879,-1.750758,-1.342794,-0.573604,-0.07996,0.05189,-0.255263,-0.740356,-0.917977,3
239,-0.389797,0.330203,0.931433,1.577744,2.324364,2.071692,1.296066,0.769303,0.082308,-0.604481,3
240,-0.794891,-0.45626,-0.17439,-0.279572,-0.827688,-1.553121,-1.479042,-0.805137,-0.0764,0.568366,3
241,0.550706,1.082746,2.470817,1.630326,0.792193,0.037669,-0.719938,-1.383443,-1.432783,-0.965082,3
242,-0.221815,0.183952,-0.173052,-0.719359,-0.51831,0.465572,0.74426,0.597642,-0.06306,-0.591746,3
243,-0.620693,-0.117689,0.559479,0.697018,0.42697,-0.45879,-0.618102,-0.072553,0.015515,-0.595831,3
244,-1.215006,-1.506133,-1.257343,-0.546583,0.158545,0.858745,1.674165,2.484444,2.426871,1.615334,3
245,0.803423,0.099834,-0.577233,-1.299857,-1.61218,-1.329333,-0.720854,-0.036491,0.125589,-0.36532,3
246,-0.696532,-0.004565,0.693185,0.653052,0.276508,-0.429782,-0.561929,-0.383597,0.366812,0.67944,3
247,0.645528,-0.171151,-0.587065,-0.100623,0.165253,-0.299269,-1.05224,-1.48243,-1.312482,-0.622562,3
248,0.103751,0.836713,1.668965,2.485237,2.40004,1.594396,0.789942,0.059024,-0.655727,-1.359978,3
249,-1.610875,-1.242537,-0.519704,0.108649,0.062588,-0.46638,-0.720324,0.052383,0.722746,0.664755,3
250,0.3397,-0.36146,-0.493125,-0.173042,0.553929,0.696875,0.460297,-0.35132,-0.47897,0.036521,3
251,0.006894,-0.666315,-1.290543,-1.553273,-1.207968,-0.51485,0.154114,0.86412,1.659008,2.440409,3
252,2.401808,1.486652,0.628116,-0.086005,-0.909546,-1.402267,-1.285048,-0.805807,-0.133594,0.165037,3
253,-0.341777,-0.890608,-0.409638,0.534113,0.802899,0.595445,-0.19341,-0.604213,-0.571551,0.040637,3
254,0.666373,0.77131,0.337696,-0.468475,-0.501177,-0.027501,-0.149244,-0.774084,-1.269097,-1.466342,3
255,-1.19836,-0.462906,0.246102,0.941684,1.771863,2.560916,2.369653,1.544869,0.729778,-0.009899,3
256,-0.748508,-1.426155,-1.548702,-1.111062,-0.34274,0.160818,-0.074592,-0.60527,-0.56225,0.3976,3
257,0.77789,0.647546,0.149277,-0.5181,-0.536009,-0.088983,0.583519,0.714123,0.381156,-0.452933,3
258,-0.489648,0.030265,-0.0348,-0.710862,-1.302582,-1.534012,-1.188667,-0.481487,0.193069,0.904603,3
259,1.706403,2.476693,2.386494,1.565796,0.754224,0.029375,-0.706599,-1.399847,-1.590965,-1.20742,3
260,-0.50604,0.110474,0.107309,-0.428514,-0.740638,0.026768,0.747941,0.714866,0.369971,-0.42084,3
261,-0.529886,-0.320292,0.441502,0.678169,0.596335,-0.204587,-0.528771,-0.047686,0.034783,-0.592918,3
262,-1.234683,-1.516672,-1.234117,-0.533441,0.161421,0.874247,1.679358,2.464884,2.387481,1.561061,3
263,0.745547,0.012733,-0.722009,-1.391425,-1.488502,-1.022949,-0.255711,0.216108,-0.073429,-0.605617,3
264,-0.370927,0.565744,0.735714,0.549247,-0.195377,-0.541346,-0.440741,0.243701,0.653122,0.723097,3
265,0.143225,-0.616225,-0.430856,0.054503,-0.12508,-0.834148,-1.403621,-1.602653,-1.199112,-0.478391,3
266,0.195605,0.872853,1.678116,2.460262,2.487754,1.618988,0.77029,0.004035,-0.790366,-1.370813,3
267,-1.315619,-0.834013,-0.106861,0.22396,-0.235688,-0.824134,-0.574321,0.471685,0.752197,0.601248,3
268,-0.13383,-0.770446,-0.773498,-0.515904,0.385416,0.676024,0.687385,-0.113532,-0.752515,-0.347422,3
269,0.124666,-0.22553,-0.937122,-1.359171,-1.311893,-0.6693,0.102079,0.840952,1.684817,2.530482,3
270,2.402814,1.550936,0.715984,-0.033525,-0.794988,-1.441037,-1.466466,-1.003517,-0.261641,0.206973,3
271,-0.091058,-0.63835,-0.582699,0.414535,0.795958,0.639247,-0.047601,-0.555668,-0.552303,-0.100004,3
272,0.571808,0.699655,0.395088,-0.38763,-0.500782,0.008666,-0.090592,-0.744473,-1.293736,-1.515216,3
273,-1.183923,-0.468174,0.212945,0.912769,1.721671,2.504336,2.338254,1.509288,0.695042,-0.024707,3
274,-0.772088,-1.464305,-1.607013,-1.201879,-0.467169,0.126764,0.15217,-0.384101,-0.801146,-0.196766,3
275,0.695848,0.780578,0.551983,-0.262001,-0.498647,-0.467934,0.241288,0.604772,0.605537,0.021793,3
276,-0.414111,-0.123411,-0.089874,-0.691561,-1.263579,-1.477423,-1.12458,-0.432001,0.238572,0.955779,3
277,1.754151,2.492477,2.425329,1.595691,0.771752,0.034055,-0.709839,-1.395552,-1.533755,-1.094026,3
278,-0.34032,0.194771,-0.001889,-0.54954,-0.671659,0.256459,0.791056,0.683751,0.179775,-0.498913,3
279,-0.538472,-0.214685,0.520986,0.665195,0.436891,-0.353743,-0.53922,-0.027998,-0.026293,-0.687147,3
280,-1.281088,-1.532524,-1.221439,-0.514603,0.168569,0.870107,1.673115,2.465201,2.396679,1.479206,3
281,0.616525,-0.096856,-0.908115,-1.442206,-1.335772,-0.849094,-0.151318,0.239219,-0.211035,-0.785891,3
282,-0.397914,0.558404,0.795063,0.562377,-0.234487,-0.568086,-0.575605,0.054124,0.637414,0.715949,3
283,0.280487,-0.459957,-0.511768,0.009643,-0.138482,-0.781981,-1.286186,-1.492828,-1.193662,-0.449312,3
284,0.245564,0.940498,1.777567,2.561836,2.38007,1.525254,0.686271,-0.03689,-0.802513,-1.437378,3
285,-1.445526,-0.956443,-0.185352,0.215024,-0.13181,-0.673935,-0.455909,0.51282,0.772234,0.616545,3
286,-0.107797,-0.588397,-0.551032,-0.002464,0.627155,0.73261,0.307622,-0.455019,-0.487183,0.03325,3
287,-0.081804,-0.742956,-1.318634,-1.545915,-1.230904,-0.505484,0.194726,0.90541,1.724931,2.509423,3
288,2.383756,1.56132,0.746977,0.031342,-0.693806,-1.385669,-1.558233,-1.117548,-0.376364,0.162694,3
289,0.014454,-0.521918,-0.557972,0.358445,0.745484,0.610442,-0.036042,-0.513341,-0.489773,-0.067008,3
290,0.612006,0.740859,0.355732,-0.51882,-0.460822,0.053976,-0.010254,-0.705412,-1.332472,-1.587115,3
291,-1.19328,-0.488908,0.170858,0.889968,1.697912,2.478529,2.43844,1.601995,0.77586,0.037177,3
292,-0.717761,-1.39189,-1.477938,-1.01262,-0.268795,0.185138,-0.128292,-0.675353,-0.629969,0.379683,3
293,0.75978,0.619098,-0.004466,-0.594605,-0.601332,-0.166328,0.541262,0.681457,0.54078,-0.339962,3
294,-0.624716,-0.10732,0.028072,-0.570621,-1.213007,-1.508497,-1.240874,-0.52394,0.165776,0.868559,3
295,1.686101,2.489107,2.397699,1.570088,0.748402,0.004884,-0.743051,-1.422488,-1.545347,-1.118601,3
296,-0.374687,0.193441,0.062237,-0.488384,-0.704297,0.188887,0.794017,0.701166,0.209303,-0.467199,3
297,-0.518586,-0.176618,0.540357,0.674301,0.423643,-0.32685,-0.50852,0.005265,-0.068544,-0.713238,3
298,-1.297265,-1.532933,-1.210191,-0.50755,0.177001,0.881285,1.684459,2.467912,2.369148,1.537132,3
299,0.721872,-0.009055,-0.726625,-1.411579,-1.570223,-1.182553,-0.43297,0.113209,0.011629,-0.538631,3
300,-0.721513,0.182876,0.773001,0.684368,0.315147,-0.418475,-0.545137,-0.165561,0.54768,0.678994,4
301,0.494892,-0.29439,-0.488998,0.009953,-0.037114,-0.705545,-1.284986,-1.525711,-1.18431,-0.481483,4
302,0.195889,0.903514,1.7069,2.478656,2.293606,1.519719,0.745185,0.017476,-0.644682,-1.31876,4
303,-1.739923,-1.457463,-0.782211,0.022354,0.322754,-0.033064,-0.439582,0.020967,0.735343,0.707246,4
304,0.389206,-0.208614,-0.267359,0.161977,0.625769,0.684738,0.181723,-0.399945,-0.124259,0.163272,4
305,-0.293859,-1.018271,-1.539695,-1.638783,-1.107846,-0.458394,0.129782,0.832811,1.589131,2.329651,4
306,2.485232,1.580058,0.707571,0.203533,-0.622553,-1.284506,-1.190555,-0.899169,-0.133568,0.207592,4
307,-0.282198,-1.080279,-1.210154,-0.308728,0.706756,0.599113,0.338444,0.440762,-0.257915,-0.257519,4
308,0.403749,0.644024,0.291554,-0.684464,-1.308679,-0.789928,-0.027629,-0.036532,-0.745627,-1.155551,4
309,-1.164802,-0.493218,0.278968,0.813961,1.690935,2.541319,2.537965,1.660935,0.78266,0.22896,4
310,-0.523624,-1.240644,-1.23678,-0.950727,-0.126424,0.155067,-0.461903,-1.183566,-0.870485,0.17058,4
311,0.570568,0.277562,0.672064,-0.061361,-0.387157,-0.234,0.542631,0.403855,0.359087,-0.617505,4
312,-1.250652,-0.701245,-0.005585,-0.128481,-0.887913,-1.203944,-1.172926,-0.460576,0.256123,0.824235,4
313,1.699449,2.56376,2.535957,1.560006,0.669752,0.113962,-0.739551,-1.277904,-1.096044,-0.65068,4
314,0.035486,0.109854,-0.576257,-1.271385,-0.839335,0.087625,0.609069,0.265396,0.582967,-0.15234,4
315,-0.410556,-0.173857,0.577299,0.443089,0.311281,-0.587635,-1.248154,-0.721135,0.020996,-0.191976,4
316,-0.867993,-1.114841,-1.162025,-0.49681,0.289256,0.896013,1.811083,2.659389,2.447118,1.53896,4
317,0.64376,0.153452,-0.653851,-1.348415,-1.25994,-1.028254,-0.254656,0.201354,-0.184374,-0.968408,4
318,-1.188556,-0.318208,0.668263,0.536062,0.327377,0.567755,-0.138145,-0.29387,0.308667,0.634398,4
319,0.311828,-0.637714,-1.208482,-0.62679,0.040793,-0.235539,-0.954345,-1.22967,-1.057276,-0.325194,4
320,0.31874,0.88396,1.755643,2.573557,2.558156,1.690802,0.843069,0.179917,-0.636056,-1.260473,4
321,-1.144142,-0.765949,-0.00011,0.073382,-0.649212,-1.286123,-0.79976,0.229006,0.557179,0.343369,4
322,0.490745,-0.285668,-0.401549,-0.196648,0.556711,0.444148,0.301075,-0.680671,-1.272351,-0.731299,4
323,-0.011648,-0.057332,-0.802414,-1.143043,-1.136144,-0.43014,0.305417,0.838836,1.70923,2.569691,4
324,2.509292,1.620456,0.726838,0.249825,-0.53166,-1.243733,-1.230205,-0.910564,-0.082469,0.182385,4
325,-0.442412,-1.185003,-0.934589,0.076095,0.676343,0.361784,0.71338,-0.031382,-0.34952,-0.056458,4
326,0.645246,0.446069,0.295683,-0.748142,-1.218412,-0.562451,0.054537,-0.275483,-1.027371,-1.199318,4
327,-1.214796,-0.514183,0.233331,0.770482,1.660934,2.53547,2.558716,1.700097,0.841975,0.170062,4
328,-0.638351,-1.287512,-1.198038,-0.887409,-0.128702,0.161337,-0.482471,-1.198032,-0.842127,0.086814,4
329,0.613584,0.350863,0.571509,-0.19475,-0.361092,-0.047164,0.585173,0.432844,0.203189,-0.788217,4
330,-1.225187,-0.575432,0.061054,-0.130346,-0.870273,-1.177802,-1.159447,-0.433182,0.253462,0.790631,4
331,1.678287,2.56594,2.535786,1.652059,0.767882,0.259028,-0.525881,-1.231723,-1.219576,-0.941659,4
332,-0.150728,0.161823,-0.412868,-1.16799,-1.055782,-0.049475,0.649904,0.286615,0.645344,0.082544,4
333,-0.389737,-0.378955,0.271981,0.546509,0.458642,-0.374019,-1.219431,-0.885092,-0.123801,-0.026904,4
334,-0.760065,-1.161368,-1.160733,-0.46465,0.284703,0.829452,1.704605,2.56356,2.439114,1.612676,4
335,0.784425,0.152707,-0.55697,-1.278259,-1.404626,-1.214955,-0.579406,0.128272,0.072829,-0.651462,4
336,-1.176678,-0.593669,0.392924,0.701226,0.270887,0.717309,0.276601,-0.295483,-0.02344,0.659111,4
337,0.397281,-0.380896,-1.148444,-0.795374,-0.152024,-0.234112,-0.917955,-1.23104,-1.031292,-0.324186,4
338,0.286233,0.888446,1.705893,2.50434,2.504278,1.627198,0.753364,0.250093,-0.563137,-1.266231,4
339,-1.250002,-0.947074,-0.147562,0.065941,-0.591513,-1.260041,-0.80265,0.233175,0.663179,0.30863,4
340,0.593306,-0.112252,-0.393256,-0.133199,0.558992,0.434675,0.303226,-0.749736,-1.205179,-0.551196,4
341,0.103162,-0.103773,-0.890937,-1.213076,-1.159728,-0.428348,0.256051,0.832663,1.712297,2.568662,4
342,2.51135,1.642201,0.77314,0.223602,-0.479426,-1.206992,-1.28852,-1.017354,-0.236292,0.149056,4
343,-0.395908,-1.128844,-0.92099,0.096705,0.519041,0.368814,0.644236,-0.134251,-0.375285,-0.020043,4
344,0.659324,0.327008,0.347928,-0.630247,-1.200227,-0.614214,0.030961,-0.182505,-0.979265,-1.255655,4
345,-1.165727,-0.435555,0.244287,0.849352,1.716763,2.563532,2.565783,1.740211,1.192969,0.521206,4
346,-0.292224,-1.066341,-1.298686,-1.084291,-0.440985,0.105215,-0.383601,-1.174055,-0.833888,0.089501,4
347,0.40589,0.47527,0.49584,-0.290279,-0.42709,-0.033482,0.593239,0.309822,0.387315,-0.292131,4
348,-1.151389,-0.914051,-0.144318,0.005019,-0.669693,-1.146209,-1.310497,-0.712589,0.116886,0.613455,4
349,1.546148,2.502028,2.514381,1.629146,0.744542,0.244202,-0.540166,-1.229033,-1.202718,-0.882179,4
350,-0.089836,0.118172,-0.527518,-1.244763,-0.872657,0.178476,0.51633,0.382936,0.443822,-0.294534,4
351,-0.421237,0.079718,0.753883,0.34431,0.425815,-0.528391,-1.275942,-0.804579,-0.064678,-0.070706,4
352,-0.840134,-1.208784,-1.187725,-0.467312,0.267859,0.828435,1.710521,2.570343,2.543123,1.67413,4
353,0.781456,0.277916,-0.439542,-1.18853,-1.301035,-1.092898,-0.400996,0.17248,-0.186226,-1.020623,4
354,-1.128997,-0.232414,0.629117,0.355464,0.622228,0.298465,-0.347913,-0.239718,0.520923,0.484428,4
355,0.431341,-0.467948,-1.236894,-0.822568,-0.090249,-0.051195,-0.747561,-1.16733,-1.214017,-0.528843,4
356,0.235683,0.724667,1.623631,2.530444,2.478832,1.577361,0.686299,0.155842,-0.630774,-1.333833,4
357,-1.275621,-1.004577,-0.231639,0.246006,-0.114992,-0.895285,-1.239547,-0.436754,0.584398,0.585116,4
358,0.37773,0.526921,-0.209363,-0.231178,0.458104,0.58486,0.300773,-0.658371,-1.190569,-0.57058,4
359,0.077746,-0.222719,-0.945868,-1.181962,-1.15725,-0.45261,0.249461,0.839277,1.708908,2.545857,4
360,2.642946,1.785992,0.882589,0.248025,-0.494089,-1.059928,-1.165021,-0.920426,-0.190333,0.188967,4
361,-0.451334,-1.203068,-0.819926,0.083105,0.581983,0.339873,0.619711,-0.172922,-0.399762,-0.139909,4
362,0.596892,0.34811,0.250391,-0.674957,-1.266063,-0.72819,-0.030211,-0.102791,-0.798511,-1.163529,4
363,-1.257582,-0.586688,0.20453,0.691256,1.609127,2.551742,2.466248,1.532668,0.594991,0.320544,4
364,0.186322,-0.706933,-1.433655,-1.374242,-0.86972,-0.010287,0.070517,-0.690996,-1.21858,-0.4965,4
365,0.565647,0.486789,0.731038,0.358133,-0.268749,-0.231521,0.521215,0.568444,0.607672,-0.231654,4
366,-1.141654,-0.832193,-0.046486,0.005645,-0.812052,-1.276442,-1.408356,-0.719254,0.075188,0.630512,4
367,1.563742,2.483957,2.482689,1.608471,0.730543,0.209193,-0.550838,-1.249891,-1.234113,-0.902876,4
368,-0.088821,0.157107,-0.48039,-1.210002,-0.958128,0.041897,0.67766,0.363186,0.624282,-0.095256,4
369,-0.336724,0.04645,0.612633,0.522128,0.23074,-0.811256,-1.221558,-0.559114,0.083347,-0.184567,4
370,-0.978045,-1.21941,-1.179282,-0.447747,0.251439,0.820511,1.696646,2.549097,2.515788,1.626163,4
371,0.735687,0.245057,-0.523628,-1.227002,-1.214337,-0.934554,-0.135601,0.117617,-0.526407,-1.235611,4
372,-0.864653,0.187149,0.510586,0.399591,0.635968,-0.175992,-0.402573,-0.118733,0.645027,0.374222,4
373,0.389324,-0.59572,-1.257406,-0.728356,-0.010406,-0.091405,-0.858475,-1.174607,-1.200269,-0.483743,4
374,0.264527,0.823858,1.712023,2.576889,2.502688,1.651791,0.781389,0.200391,-0.538197,-1.257906,4
375,-1.329544,-1.102746,-0.402583,0.19368,-0.092478,-0.908909,-1.169426,-0.384476,0.551844,0.659665,4
376,0.375967,0.557329,-0.164499,-0.257306,0.454847,0.580839,0.345309,-0.633276,-1.226192,-0.669839,4
377,0.001657,-0.116323,-0.841129,-1.224208,-1.182,-0.468143,0.230145,0.75111,1.626205,2.504325,4
